Identifier ID,Identifier Type,Raw Value,Normalized Value,Connector,Finding Type,Finding Value,Confidence
d4c0440a-5a62-44e5-8621-6f2545eddd11,domain,google.com,google.com,crtsh,subdomain,admin@google.com,0.7
d4c0440a-5a62-44e5-8621-6f2545eddd11,domain,google.com,google.com,crtsh,subdomain,docs.google.com,0.7
d4c0440a-5a62-44e5-8621-6f2545eddd11,domain,google.com,google.com,crtsh,subdomain,mail.google.com,0.7
d4c0440a-5a62-44e5-8621-6f2545eddd11,domain,google.com,google.com,crtsh,subdomain,plus.google.com,0.7
d4c0440a-5a62-44e5-8621-6f2545eddd11,domain,google.com,google.com,crtsh,subdomain,sites.google.com,0.7
d4c0440a-5a62-44e5-8621-6f2545eddd11,domain,google.com,google.com,crtsh,subdomain,talkgadget.google.com,0.7
d4c0440a-5a62-44e5-8621-6f2545eddd11,domain,google.com,google.com,crtsh,subdomain,onex.wifi.google.com,0.7
d4c0440a-5a62-44e5-8621-6f2545eddd11,domain,google.com,google.com,crtsh,subdomain,accounts.google.com,0.7
d4c0440a-5a62-44e5-8621-6f2545eddd11,domain,google.com,google.com,crtsh,subdomain,hosted-id.google.com,0.7
d4c0440a-5a62-44e5-8621-6f2545eddd11,domain,google.com,google.com,crtsh,subdomain,adwords.google.com,0.7
d4c0440a-5a62-44e5-8621-6f2545eddd11,domain,google.com,google.com,crtsh,subdomain,vp.video.l.google.com,0.7
d4c0440a-5a62-44e5-8621-6f2545eddd11,domain,google.com,google.com,crtsh,subdomain,wifi.google.com,0.7
d4c0440a-5a62-44e5-8621-6f2545eddd11,domain,google.com,google.com,crtsh,subdomain,jmt0.google.com,0.7
d4c0440a-5a62-44e5-8621-6f2545eddd11,domain,google.com,google.com,crtsh,subdomain,upload.video.google.com,0.7
d4c0440a-5a62-44e5-8621-6f2545eddd11,domain,google.com,google.com,crtsh,subdomain,eggroll.ext.google.com,0.7
d4c0440a-5a62-44e5-8621-6f2545eddd11,domain,google.com,google.com,crtsh,subdomain,sandbox.google.com,0.7
d4c0440a-5a62-44e5-8621-6f2545eddd11,domain,google.com,google.com,crtsh,subdomain,cod.ext.google.com,0.7
d4c0440a-5a62-44e5-8621-6f2545eddd11,domain,google.com,google.com,crtsh,subdomain,prom-qa.sandbox.google.com,0.7
d4c0440a-5a62-44e5-8621-6f2545eddd11,domain,google.com,google.com,crtsh,subdomain,glass.ext.google.com,0.7
d4c0440a-5a62-44e5-8621-6f2545eddd11,domain,google.com,google.com,crtsh,subdomain,ice.ext.google.com,0.7
d4c0440a-5a62-44e5-8621-6f2545eddd11,domain,google.com,google.com,crtsh,subdomain,www.google.com,0.7
d4c0440a-5a62-44e5-8621-6f2545eddd11,domain,google.com,google.com,crtsh,subdomain,checkout.google.com,0.7
d4c0440a-5a62-44e5-8621-6f2545eddd11,domain,google.com,google.com,crtsh,subdomain,glass-eur.ext.google.com,0.7
d4c0440a-5a62-44e5-8621-6f2545eddd11,domain,google.com,google.com,crtsh,subdomain,glass-mtv.ext.google.com,0.7
d4c0440a-5a62-44e5-8621-6f2545eddd11,domain,google.com,google.com,crtsh,subdomain,glass-twd.ext.google.com,0.7
d4c0440a-5a62-44e5-8621-6f2545eddd11,domain,google.com,google.com,crtsh,subdomain,services.google.com,0.7
d4c0440a-5a62-44e5-8621-6f2545eddd11,domain,google.com,google.com,crtsh,subdomain,audioads.google.com,0.7
d4c0440a-5a62-44e5-8621-6f2545eddd11,domain,google.com,google.com,crtsh,subdomain,m.google.com,0.7
d4c0440a-5a62-44e5-8621-6f2545eddd11,domain,google.com,google.com,crtsh,subdomain,answers.google.com,0.7
d4c0440a-5a62-44e5-8621-6f2545eddd11,domain,google.com,google.com,crtsh,subdomain,gmail.google.com,0.7
d4c0440a-5a62-44e5-8621-6f2545eddd11,domain,google.com,google.com,crtsh,subdomain,chrome.google.com,0.7
d4c0440a-5a62-44e5-8621-6f2545eddd11,domain,google.com,google.com,crtsh,subdomain,appengine.google.com,0.7
d4c0440a-5a62-44e5-8621-6f2545eddd11,domain,google.com,google.com,crtsh,subdomain,cloud.google.com,0.7
d4c0440a-5a62-44e5-8621-6f2545eddd11,domain,google.com,google.com,crtsh,subdomain,url.google.com,0.7
d4c0440a-5a62-44e5-8621-6f2545eddd11,domain,google.com,google.com,crtsh,subdomain,mtalk.google.com,0.7
d4c0440a-5a62-44e5-8621-6f2545eddd11,domain,google.com,google.com,crtsh,subdomain,alt1.aspmx.l.google.com,0.7
d4c0440a-5a62-44e5-8621-6f2545eddd11,domain,google.com,google.com,crtsh,subdomain,alt1.gmail-smtp-in.l.google.com,0.7
d4c0440a-5a62-44e5-8621-6f2545eddd11,domain,google.com,google.com,crtsh,subdomain,alt1.gmr-smtp-in.l.google.com,0.7
d4c0440a-5a62-44e5-8621-6f2545eddd11,domain,google.com,google.com,crtsh,subdomain,alt2.aspmx.l.google.com,0.7
d4c0440a-5a62-44e5-8621-6f2545eddd11,domain,google.com,google.com,crtsh,subdomain,alt2.gmail-smtp-in.l.google.com,0.7
d4c0440a-5a62-44e5-8621-6f2545eddd11,domain,google.com,google.com,crtsh,subdomain,alt2.gmr-smtp-in.l.google.com,0.7
d4c0440a-5a62-44e5-8621-6f2545eddd11,domain,google.com,google.com,crtsh,subdomain,alt3.aspmx.l.google.com,0.7
d4c0440a-5a62-44e5-8621-6f2545eddd11,domain,google.com,google.com,crtsh,subdomain,alt3.gmail-smtp-in.l.google.com,0.7
d4c0440a-5a62-44e5-8621-6f2545eddd11,domain,google.com,google.com,crtsh,subdomain,alt3.gmr-smtp-in.l.google.com,0.7
d4c0440a-5a62-44e5-8621-6f2545eddd11,domain,google.com,google.com,crtsh,subdomain,alt4.aspmx.l.google.com,0.7
d4c0440a-5a62-44e5-8621-6f2545eddd11,domain,google.com,google.com,crtsh,subdomain,alt4.gmail-smtp-in.l.google.com,0.7
d4c0440a-5a62-44e5-8621-6f2545eddd11,domain,google.com,google.com,crtsh,subdomain,alt4.gmr-smtp-in.l.google.com,0.7
d4c0440a-5a62-44e5-8621-6f2545eddd11,domain,google.com,google.com,crtsh,subdomain,aspmx.l.google.com,0.7
d4c0440a-5a62-44e5-8621-6f2545eddd11,domain,google.com,google.com,crtsh,subdomain,gmail-smtp-in.l.google.com,0.7
d4c0440a-5a62-44e5-8621-6f2545eddd11,domain,google.com,google.com,crtsh,subdomain,gmr-smtp-in.l.google.com,0.7
d4c0440a-5a62-44e5-8621-6f2545eddd11,domain,google.com,google.com,crtsh,subdomain,mx.google.com,0.7
d4c0440a-5a62-44e5-8621-6f2545eddd11,domain,google.com,google.com,crtsh,subdomain,ecc-test.sandbox.google.com,0.7
d4c0440a-5a62-44e5-8621-6f2545eddd11,domain,google.com,google.com,crtsh,subdomain,drive.google.com,0.7
d4c0440a-5a62-44e5-8621-6f2545eddd11,domain,google.com,google.com,crtsh,subdomain,code.google.com,0.7
d4c0440a-5a62-44e5-8621-6f2545eddd11,domain,google.com,google.com,crtsh,subdomain,login.corp.google.com,0.7
d4c0440a-5a62-44e5-8621-6f2545eddd11,domain,google.com,google.com,crtsh,subdomain,clients.google.com,0.7
d4c0440a-5a62-44e5-8621-6f2545eddd11,domain,google.com,google.com,crtsh,subdomain,upload.google.com,0.7
d4c0440a-5a62-44e5-8621-6f2545eddd11,domain,google.com,google.com,crtsh,subdomain,docs.sandbox.google.com,0.7
d4c0440a-5a62-44e5-8621-6f2545eddd11,domain,google.com,google.com,crtsh,subdomain,drive.sandbox.google.com,0.7
d4c0440a-5a62-44e5-8621-6f2545eddd11,domain,google.com,google.com,crtsh,subdomain,script.sandbox.google.com,0.7
d4c0440a-5a62-44e5-8621-6f2545eddd11,domain,google.com,google.com,crtsh,subdomain,sites.sandbox.google.com,0.7
d4c0440a-5a62-44e5-8621-6f2545eddd11,domain,google.com,google.com,crtsh,subdomain,meeting.ext.google.com,0.7
d4c0440a-5a62-44e5-8621-6f2545eddd11,domain,google.com,google.com,crtsh,subdomain,client-channel.google.com,0.7
d4c0440a-5a62-44e5-8621-6f2545eddd11,domain,google.com,google.com,crtsh,subdomain,misc.google.com,0.7
d4c0440a-5a62-44e5-8621-6f2545eddd11,domain,google.com,google.com,crtsh,subdomain,ext.google.com,0.7
d4c0440a-5a62-44e5-8621-6f2545eddd11,domain,google.com,google.com,crtsh,subdomain,accounts.freezone.google.com,0.7
d4c0440a-5a62-44e5-8621-6f2545eddd11,domain,google.com,google.com,crtsh,subdomain,freezone.google.com,0.7
d4c0440a-5a62-44e5-8621-6f2545eddd11,domain,google.com,google.com,crtsh,subdomain,gaiastaging.freezone.google.com,0.7
d4c0440a-5a62-44e5-8621-6f2545eddd11,domain,google.com,google.com,crtsh,subdomain,mail.freezone.google.com,0.7
d4c0440a-5a62-44e5-8621-6f2545eddd11,domain,google.com,google.com,crtsh,subdomain,plus.freezone.google.com,0.7
d4c0440a-5a62-44e5-8621-6f2545eddd11,domain,google.com,google.com,crtsh,subdomain,search.freezone.google.com,0.7
d4c0440a-5a62-44e5-8621-6f2545eddd11,domain,google.com,google.com,crtsh,subdomain,www.freezone.google.com,0.7
d4c0440a-5a62-44e5-8621-6f2545eddd11,domain,google.com,google.com,crtsh,subdomain,soaproxyprod01.ext.google.com,0.7
d4c0440a-5a62-44e5-8621-6f2545eddd11,domain,google.com,google.com,crtsh,subdomain,corp.google.com,0.7
d4c0440a-5a62-44e5-8621-6f2545eddd11,domain,google.com,google.com,crtsh,subdomain,uberproxy.corp.google.com,0.7
d4c0440a-5a62-44e5-8621-6f2545eddd11,domain,google.com,google.com,crtsh,subdomain,da.ext.corp.google.com,0.7
d4c0440a-5a62-44e5-8621-6f2545eddd11,domain,google.com,google.com,crtsh,subdomain,hot-da.ext.google.com,0.7
d4c0440a-5a62-44e5-8621-6f2545eddd11,domain,google.com,google.com,crtsh,subdomain,soaproxytest01.ext.google.com,0.7
d4c0440a-5a62-44e5-8621-6f2545eddd11,domain,google.com,google.com,crtsh,subdomain,fra-da.ext.google.com,0.7
d4c0440a-5a62-44e5-8621-6f2545eddd11,domain,google.com,google.com,crtsh,subdomain,cag.ext.google.com,0.7
d4c0440a-5a62-44e5-8621-6f2545eddd11,domain,google.com,google.com,crtsh,subdomain,twd-da.ext.google.com,0.7
d4c0440a-5a62-44e5-8621-6f2545eddd11,domain,google.com,google.com,crtsh,subdomain,spdy-proxy-debug.ext.google.com,0.7
d4c0440a-5a62-44e5-8621-6f2545eddd11,domain,google.com,google.com,crtsh,subdomain,spdy-proxy.ext.google.com,0.7
d4c0440a-5a62-44e5-8621-6f2545eddd11,domain,google.com,google.com,crtsh,subdomain,apps-secure-data-connector.google.com,0.7
d4c0440a-5a62-44e5-8621-6f2545eddd11,domain,google.com,google.com,crtsh,subdomain,da.ext.google.com,0.7
d4c0440a-5a62-44e5-8621-6f2545eddd11,domain,google.com,google.com,crtsh,subdomain,mtv-da.ext.google.com,0.7
d4c0440a-5a62-44e5-8621-6f2545eddd11,domain,google.com,google.com,crtsh,subdomain,hyd-da.ext.google.com,0.7
d4c0440a-5a62-44e5-8621-6f2545eddd11,domain,google.com,google.com,crtsh,subdomain,freezone.accounts.google.com,0.7
d4c0440a-5a62-44e5-8621-6f2545eddd11,domain,google.com,google.com,crtsh,subdomain,freezone.mail.google.com,0.7
d4c0440a-5a62-44e5-8621-6f2545eddd11,domain,google.com,google.com,crtsh,subdomain,freezone.m.google.com,0.7
d4c0440a-5a62-44e5-8621-6f2545eddd11,domain,google.com,google.com,crtsh,subdomain,mtv-da-1.ad.corp.google.com,0.7
d4c0440a-5a62-44e5-8621-6f2545eddd11,domain,google.com,google.com,crtsh,subdomain,mtv-da.corp.google.com,0.7
d4c0440a-5a62-44e5-8621-6f2545eddd11,domain,google.com,google.com,crtsh,subdomain,cert-test.sandbox.google.com,0.7
d4c0440a-5a62-44e5-8621-6f2545eddd11,domain,google.com,google.com,crtsh,subdomain,cache1.c.docs.google.com,0.7
d4c0440a-5a62-44e5-8621-6f2545eddd11,domain,google.com,google.com,crtsh,subdomain,cache2.c.docs.google.com,0.7
d4c0440a-5a62-44e5-8621-6f2545eddd11,domain,google.com,google.com,crtsh,subdomain,cache3.c.docs.google.com,0.7
d4c0440a-5a62-44e5-8621-6f2545eddd11,domain,google.com,google.com,crtsh,subdomain,cache4.c.docs.google.com,0.7
d4c0440a-5a62-44e5-8621-6f2545eddd11,domain,google.com,google.com,crtsh,subdomain,cache5.c.docs.google.com,0.7
d4c0440a-5a62-44e5-8621-6f2545eddd11,domain,google.com,google.com,crtsh,subdomain,cache6.c.docs.google.com,0.7
d4c0440a-5a62-44e5-8621-6f2545eddd11,domain,google.com,google.com,crtsh,subdomain,cache7.c.docs.google.com,0.7
d4c0440a-5a62-44e5-8621-6f2545eddd11,domain,google.com,google.com,crtsh,subdomain,cache8.c.docs.google.com,0.7
d4c0440a-5a62-44e5-8621-6f2545eddd11,domain,google.com,google.com,crtsh,subdomain,c.docs.google.com,0.7
d4c0440a-5a62-44e5-8621-6f2545eddd11,domain,google.com,google.com,crtsh,subdomain,talk.google.com,0.7
d4c0440a-5a62-44e5-8621-6f2545eddd11,domain,google.com,google.com,crtsh,subdomain,cache1.c.play.google.com,0.7
d4c0440a-5a62-44e5-8621-6f2545eddd11,domain,google.com,google.com,crtsh,subdomain,cache1.c.video.google.com,0.7
d4c0440a-5a62-44e5-8621-6f2545eddd11,domain,google.com,google.com,crtsh,subdomain,cache2.c.play.google.com,0.7
d4c0440a-5a62-44e5-8621-6f2545eddd11,domain,google.com,google.com,crtsh,subdomain,cache2.c.video.google.com,0.7
d4c0440a-5a62-44e5-8621-6f2545eddd11,domain,google.com,google.com,crtsh,subdomain,cache3.c.play.google.com,0.7
d4c0440a-5a62-44e5-8621-6f2545eddd11,domain,google.com,google.com,crtsh,subdomain,cache3.c.video.google.com,0.7
d4c0440a-5a62-44e5-8621-6f2545eddd11,domain,google.com,google.com,crtsh,subdomain,cache4.c.play.google.com,0.7
d4c0440a-5a62-44e5-8621-6f2545eddd11,domain,google.com,google.com,crtsh,subdomain,cache4.c.video.google.com,0.7
d4c0440a-5a62-44e5-8621-6f2545eddd11,domain,google.com,google.com,crtsh,subdomain,cache5.c.play.google.com,0.7
d4c0440a-5a62-44e5-8621-6f2545eddd11,domain,google.com,google.com,crtsh,subdomain,cache5.c.video.google.com,0.7
d4c0440a-5a62-44e5-8621-6f2545eddd11,domain,google.com,google.com,crtsh,subdomain,cache6.c.play.google.com,0.7
d4c0440a-5a62-44e5-8621-6f2545eddd11,domain,google.com,google.com,crtsh,subdomain,cache6.c.video.google.com,0.7
d4c0440a-5a62-44e5-8621-6f2545eddd11,domain,google.com,google.com,crtsh,subdomain,cache7.c.play.google.com,0.7
d4c0440a-5a62-44e5-8621-6f2545eddd11,domain,google.com,google.com,crtsh,subdomain,cache7.c.video.google.com,0.7
d4c0440a-5a62-44e5-8621-6f2545eddd11,domain,google.com,google.com,crtsh,subdomain,cache8.c.play.google.com,0.7
d4c0440a-5a62-44e5-8621-6f2545eddd11,domain,google.com,google.com,crtsh,subdomain,cache8.c.video.google.com,0.7
d4c0440a-5a62-44e5-8621-6f2545eddd11,domain,google.com,google.com,crtsh,subdomain,c.play.google.com,0.7
d4c0440a-5a62-44e5-8621-6f2545eddd11,domain,google.com,google.com,crtsh,subdomain,c.video.google.com,0.7
d4c0440a-5a62-44e5-8621-6f2545eddd11,domain,google.com,google.com,crtsh,subdomain,apis.corp.google.com,0.7
d4c0440a-5a62-44e5-8621-6f2545eddd11,domain,google.com,google.com,crtsh,subdomain,bigstore.corp.google.com,0.7
d4c0440a-5a62-44e5-8621-6f2545eddd11,domain,google.com,google.com,crtsh,subdomain,bigstore-test.corp.google.com,0.7
d4c0440a-5a62-44e5-8621-6f2545eddd11,domain,google.com,google.com,crtsh,subdomain,dasher.corp.google.com,0.7
d4c0440a-5a62-44e5-8621-6f2545eddd11,domain,google.com,google.com,crtsh,subdomain,dasher-qa.corp.google.com,0.7
d4c0440a-5a62-44e5-8621-6f2545eddd11,domain,google.com,google.com,crtsh,subdomain,demetrius-codespot.corp.google.com,0.7
d4c0440a-5a62-44e5-8621-6f2545eddd11,domain,google.com,google.com,crtsh,subdomain,demetrius.corp.google.com,0.7
d4c0440a-5a62-44e5-8621-6f2545eddd11,domain,google.com,google.com,crtsh,subdomain,demetrius-googlecode.corp.google.com,0.7
d4c0440a-5a62-44e5-8621-6f2545eddd11,domain,google.com,google.com,crtsh,subdomain,dfa7.corp.google.com,0.7
d4c0440a-5a62-44e5-8621-6f2545eddd11,domain,google.com,google.com,crtsh,subdomain,docs-dev.corp.google.com,0.7
d4c0440a-5a62-44e5-8621-6f2545eddd11,domain,google.com,google.com,crtsh,subdomain,docs-nightly.corp.google.com,0.7
d4c0440a-5a62-44e5-8621-6f2545eddd11,domain,google.com,google.com,crtsh,subdomain,docs-platinum.corp.google.com,0.7
d4c0440a-5a62-44e5-8621-6f2545eddd11,domain,google.com,google.com,crtsh,subdomain,docs-qa.corp.google.com,0.7
d4c0440a-5a62-44e5-8621-6f2545eddd11,domain,google.com,google.com,crtsh,subdomain,games.corp.google.com,0.7
d4c0440a-5a62-44e5-8621-6f2545eddd11,domain,google.com,google.com,crtsh,subdomain,googlesource.corp.google.com,0.7
d4c0440a-5a62-44e5-8621-6f2545eddd11,domain,google.com,google.com,crtsh,subdomain,ics.prod.google.com,0.7
d4c0440a-5a62-44e5-8621-6f2545eddd11,domain,google.com,google.com,crtsh,subdomain,jotspot-qa08.corp.google.com,0.7
d4c0440a-5a62-44e5-8621-6f2545eddd11,domain,google.com,google.com,crtsh,subdomain,loop.corp.google.com,0.7
d4c0440a-5a62-44e5-8621-6f2545eddd11,domain,google.com,google.com,crtsh,subdomain,plus.corp.google.com,0.7
d4c0440a-5a62-44e5-8621-6f2545eddd11,domain,google.com,google.com,crtsh,subdomain,plusone.corp.google.com,0.7
d4c0440a-5a62-44e5-8621-6f2545eddd11,domain,google.com,google.com,crtsh,subdomain,profiles.corp.google.com,0.7
d4c0440a-5a62-44e5-8621-6f2545eddd11,domain,google.com,google.com,crtsh,subdomain,prom.corp.google.com,0.7
d4c0440a-5a62-44e5-8621-6f2545eddd11,domain,google.com,google.com,crtsh,subdomain,prom-qa.corp.google.com,0.7
d4c0440a-5a62-44e5-8621-6f2545eddd11,domain,google.com,google.com,crtsh,subdomain,qa.adz.google.com,0.7
d4c0440a-5a62-44e5-8621-6f2545eddd11,domain,google.com,google.com,crtsh,subdomain,sites-googlegroups-nightly.corp.google.com,0.7
d4c0440a-5a62-44e5-8621-6f2545eddd11,domain,google.com,google.com,crtsh,subdomain,sites-googlegroups-qa01.corp.google.com,0.7
d4c0440a-5a62-44e5-8621-6f2545eddd11,domain,google.com,google.com,crtsh,subdomain,sites-googlegroups-qa02.corp.google.com,0.7
d4c0440a-5a62-44e5-8621-6f2545eddd11,domain,google.com,google.com,crtsh,subdomain,sites-googlegroups-qa03.corp.google.com,0.7
d4c0440a-5a62-44e5-8621-6f2545eddd11,domain,google.com,google.com,crtsh,subdomain,sites-googlegroups-qa04.corp.google.com,0.7
d4c0440a-5a62-44e5-8621-6f2545eddd11,domain,google.com,google.com,crtsh,subdomain,sites-googlegroups-qa05.corp.google.com,0.7
d4c0440a-5a62-44e5-8621-6f2545eddd11,domain,google.com,google.com,crtsh,subdomain,sites-googlegroups-qa06.corp.google.com,0.7
d4c0440a-5a62-44e5-8621-6f2545eddd11,domain,google.com,google.com,crtsh,subdomain,sites-googlegroups-qa07.corp.google.com,0.7
d4c0440a-5a62-44e5-8621-6f2545eddd11,domain,google.com,google.com,crtsh,subdomain,sites-googlegroups-qa08.corp.google.com,0.7
d4c0440a-5a62-44e5-8621-6f2545eddd11,domain,google.com,google.com,crtsh,subdomain,sites-googlegroups-tctest.corp.google.com,0.7
d4c0440a-5a62-44e5-8621-6f2545eddd11,domain,google.com,google.com,crtsh,subdomain,search.corp.google.com,0.7
d4c0440a-5a62-44e5-8621-6f2545eddd11,domain,google.com,google.com,crtsh,subdomain,twdsalesgsa.twd.corp.google.com,0.7
d4c0440a-5a62-44e5-8621-6f2545eddd11,domain,google.com,google.com,crtsh,subdomain,ads-compare.eem.corp.google.com,0.7
d4c0440a-5a62-44e5-8621-6f2545eddd11,domain,google.com,google.com,crtsh,subdomain,developers.google.com,0.7
d4c0440a-5a62-44e5-8621-6f2545eddd11,domain,google.com,google.com,crtsh,subdomain,devconsole-testers.sandbox.google.com,0.7
d4c0440a-5a62-44e5-8621-6f2545eddd11,domain,google.com,google.com,crtsh,subdomain,prom-test.corp.google.com,0.7
d4c0440a-5a62-44e5-8621-6f2545eddd11,domain,google.com,google.com,crtsh,subdomain,prom-test.sandbox.google.com,0.7
d4c0440a-5a62-44e5-8621-6f2545eddd11,domain,google.com,google.com,crtsh,subdomain,accounts.flexpack.google.com,0.7
d4c0440a-5a62-44e5-8621-6f2545eddd11,domain,google.com,google.com,crtsh,subdomain,flexpack.google.com,0.7
d4c0440a-5a62-44e5-8621-6f2545eddd11,domain,google.com,google.com,crtsh,subdomain,gaiastaging.flexpack.google.com,0.7
d4c0440a-5a62-44e5-8621-6f2545eddd11,domain,google.com,google.com,crtsh,subdomain,mail.flexpack.google.com,0.7
d4c0440a-5a62-44e5-8621-6f2545eddd11,domain,google.com,google.com,crtsh,subdomain,news.freezone.google.com,0.7
d4c0440a-5a62-44e5-8621-6f2545eddd11,domain,google.com,google.com,crtsh,subdomain,plus.flexpack.google.com,0.7
d4c0440a-5a62-44e5-8621-6f2545eddd11,domain,google.com,google.com,crtsh,subdomain,search.flexpack.google.com,0.7
d4c0440a-5a62-44e5-8621-6f2545eddd11,domain,google.com,google.com,crtsh,subdomain,www.flexpack.google.com,0.7
d4c0440a-5a62-44e5-8621-6f2545eddd11,domain,google.com,google.com,crtsh,subdomain,photos.google.com,0.7
d4c0440a-5a62-44e5-8621-6f2545eddd11,domain,google.com,google.com,crtsh,subdomain,dg.video.google.com,0.7
d4c0440a-5a62-44e5-8621-6f2545eddd11,domain,google.com,google.com,crtsh,subdomain,friendconnect.google.com,0.7
d4c0440a-5a62-44e5-8621-6f2545eddd11,domain,google.com,google.com,crtsh,subdomain,misc-sni.google.com,0.7
d4c0440a-5a62-44e5-8621-6f2545eddd11,domain,google.com,google.com,crtsh,subdomain,developer.google.com,0.7
d4c0440a-5a62-44e5-8621-6f2545eddd11,domain,google.com,google.com,crtsh,subdomain,bmcquade@google.com,0.7
d4c0440a-5a62-44e5-8621-6f2545eddd11,domain,google.com,google.com,crtsh,subdomain,m.guts.corp.google.com,0.7
d4c0440a-5a62-44e5-8621-6f2545eddd11,domain,google.com,google.com,crtsh,subdomain,m.gutsdev.corp.google.com,0.7
d4c0440a-5a62-44e5-8621-6f2545eddd11,domain,google.com,google.com,crtsh,subdomain,mygeist2010.corp.google.com,0.7
d4c0440a-5a62-44e5-8621-6f2545eddd11,domain,google.com,google.com,crtsh,subdomain,mygeist.corp.google.com,0.7
d4c0440a-5a62-44e5-8621-6f2545eddd11,domain,google.com,google.com,crtsh,subdomain,proxyconfig.corp.google.com,0.7
d4c0440a-5a62-44e5-8621-6f2545eddd11,domain,google.com,google.com,crtsh,subdomain,reseed.corp.google.com,0.7
d4c0440a-5a62-44e5-8621-6f2545eddd11,domain,google.com,google.com,crtsh,subdomain,uberproxy-nocert.corp.google.com,0.7
d4c0440a-5a62-44e5-8621-6f2545eddd11,domain,google.com,google.com,crtsh,subdomain,auth.corp.google.com,0.7
d4c0440a-5a62-44e5-8621-6f2545eddd11,domain,google.com,google.com,crtsh,subdomain,blogger.corp.google.com,0.7
d4c0440a-5a62-44e5-8621-6f2545eddd11,domain,google.com,google.com,crtsh,subdomain,blogspot.corp.google.com,0.7
d4c0440a-5a62-44e5-8621-6f2545eddd11,domain,google.com,google.com,crtsh,subdomain,corp-backups.corp.google.com,0.7
d4c0440a-5a62-44e5-8621-6f2545eddd11,domain,google.com,google.com,crtsh,subdomain,drive-test.corp.google.com,0.7
d4c0440a-5a62-44e5-8621-6f2545eddd11,domain,google.com,google.com,crtsh,subdomain,dthree.corp.google.com,0.7
d4c0440a-5a62-44e5-8621-6f2545eddd11,domain,google.com,google.com,crtsh,subdomain,focus.corp.google.com,0.7
d4c0440a-5a62-44e5-8621-6f2545eddd11,domain,google.com,google.com,crtsh,subdomain,git.corp.google.com,0.7
d4c0440a-5a62-44e5-8621-6f2545eddd11,domain,google.com,google.com,crtsh,subdomain,orkut-fixprod.corp.google.com,0.7
d4c0440a-5a62-44e5-8621-6f2545eddd11,domain,google.com,google.com,crtsh,subdomain,orkut-impersonation.corp.google.com,0.7
d4c0440a-5a62-44e5-8621-6f2545eddd11,domain,google.com,google.com,crtsh,subdomain,orkut-ocdemo.corp.google.com,0.7
d4c0440a-5a62-44e5-8621-6f2545eddd11,domain,google.com,google.com,crtsh,subdomain,orkut-qa.corp.google.com,0.7
d4c0440a-5a62-44e5-8621-6f2545eddd11,domain,google.com,google.com,crtsh,subdomain,orkut-staging.corp.google.com,0.7
d4c0440a-5a62-44e5-8621-6f2545eddd11,domain,google.com,google.com,crtsh,subdomain,orkut-uberproxy.corp.google.com,0.7
d4c0440a-5a62-44e5-8621-6f2545eddd11,domain,google.com,google.com,crtsh,subdomain,orkut-vctask0.corp.google.com,0.7
d4c0440a-5a62-44e5-8621-6f2545eddd11,domain,google.com,google.com,crtsh,subdomain,orkut-vcvrfy.corp.google.com,0.7
d4c0440a-5a62-44e5-8621-6f2545eddd11,domain,google.com,google.com,crtsh,subdomain,orkut-yhtask0.corp.google.com,0.7
d4c0440a-5a62-44e5-8621-6f2545eddd11,domain,google.com,google.com,crtsh,subdomain,orkut-yhvrfy.corp.google.com,0.7
d4c0440a-5a62-44e5-8621-6f2545eddd11,domain,google.com,google.com,crtsh,subdomain,orkut-yqtask0.corp.google.com,0.7
d4c0440a-5a62-44e5-8621-6f2545eddd11,domain,google.com,google.com,crtsh,subdomain,orkut-yqvrfy.corp.google.com,0.7
d4c0440a-5a62-44e5-8621-6f2545eddd11,domain,google.com,google.com,crtsh,subdomain,oz-gmail.corp.google.com,0.7
d4c0440a-5a62-44e5-8621-6f2545eddd11,domain,google.com,google.com,crtsh,subdomain,oz-s2.corp.google.com,0.7
d4c0440a-5a62-44e5-8621-6f2545eddd11,domain,google.com,google.com,crtsh,subdomain,oz-www.corp.google.com,0.7
d4c0440a-5a62-44e5-8621-6f2545eddd11,domain,google.com,google.com,crtsh,subdomain,postini.corp.google.com,0.7
d4c0440a-5a62-44e5-8621-6f2545eddd11,domain,google.com,google.com,crtsh,subdomain,staging-a.blogger.corp.google.com,0.7
d4c0440a-5a62-44e5-8621-6f2545eddd11,domain,google.com,google.com,crtsh,subdomain,staging-b.blogger.corp.google.com,0.7
d4c0440a-5a62-44e5-8621-6f2545eddd11,domain,google.com,google.com,crtsh,subdomain,staging-c.blogger.corp.google.com,0.7
d4c0440a-5a62-44e5-8621-6f2545eddd11,domain,google.com,google.com,crtsh,subdomain,staging-daily.blogger.corp.google.com,0.7
d4c0440a-5a62-44e5-8621-6f2545eddd11,domain,google.com,google.com,crtsh,subdomain,staging-daily.blogspot.corp.google.com,0.7
d4c0440a-5a62-44e5-8621-6f2545eddd11,domain,google.com,google.com,crtsh,subdomain,staging-d.blogger.corp.google.com,0.7
d4c0440a-5a62-44e5-8621-6f2545eddd11,domain,google.com,google.com,crtsh,subdomain,staging-gaia.blogger.corp.google.com,0.7
d4c0440a-5a62-44e5-8621-6f2545eddd11,domain,google.com,google.com,crtsh,subdomain,staging-git.corp.google.com,0.7
d4c0440a-5a62-44e5-8621-6f2545eddd11,domain,google.com,google.com,crtsh,subdomain,staging-googlesource.corp.google.com,0.7
d4c0440a-5a62-44e5-8621-6f2545eddd11,domain,google.com,google.com,crtsh,subdomain,staging-prod.blogger.corp.google.com,0.7
d4c0440a-5a62-44e5-8621-6f2545eddd11,domain,google.com,google.com,crtsh,subdomain,staging-weekly.blogger.corp.google.com,0.7
d4c0440a-5a62-44e5-8621-6f2545eddd11,domain,google.com,google.com,crtsh,subdomain,staging-weekly.blogspot.corp.google.com,0.7
d4c0440a-5a62-44e5-8621-6f2545eddd11,domain,google.com,google.com,crtsh,subdomain,test.postini.corp.google.com,0.7
d4c0440a-5a62-44e5-8621-6f2545eddd11,domain,google.com,google.com,crtsh,subdomain,uberproxy-san.corp.google.com,0.7
d4c0440a-5a62-44e5-8621-6f2545eddd11,domain,google.com,google.com,crtsh,subdomain,urchin.corp.google.com,0.7
d4c0440a-5a62-44e5-8621-6f2545eddd11,domain,google.com,google.com,crtsh,subdomain,webdrive-test-canary.corp.google.com,0.7
d4c0440a-5a62-44e5-8621-6f2545eddd11,domain,google.com,google.com,crtsh,subdomain,webdrive-test-prod.corp.google.com,0.7
d4c0440a-5a62-44e5-8621-6f2545eddd11,domain,google.com,google.com,crtsh,subdomain,c.pack.google.com,0.7
d4c0440a-5a62-44e5-8621-6f2545eddd11,domain,google.com,google.com,crtsh,subdomain,aarjav-b480g7k2ab9@checkout.google.com,0.7
d4c0440a-5a62-44e5-8621-6f2545eddd11,domain,google.com,google.com,whois_rdap,domain_event,Registration: 1997-09-15T04:00:00Z,1.0
d4c0440a-5a62-44e5-8621-6f2545eddd11,domain,google.com,google.com,whois_rdap,domain_event,Expiration: 2028-09-14T04:00:00Z,1.0
d4c0440a-5a62-44e5-8621-6f2545eddd11,domain,google.com,google.com,whois_rdap,domain_event,Last Changed: 2019-09-09T15:39:04Z,1.0
d4c0440a-5a62-44e5-8621-6f2545eddd11,domain,google.com,google.com,whois_rdap,domain_event,Last Update Of Rdap Database: 2026-07-14T11:22:57Z,1.0
d4c0440a-5a62-44e5-8621-6f2545eddd11,domain,google.com,google.com,whois_rdap,nameservers,"NS1.GOOGLE.COM, NS2.GOOGLE.COM, NS3.GOOGLE.COM, NS4.GOOGLE.COM",1.0
d4c0440a-5a62-44e5-8621-6f2545eddd11,domain,google.com,google.com,whois_rdap,registrant_name,MarkMonitor Inc. (registrar),0.9
d4c0440a-5a62-44e5-8621-6f2545eddd11,domain,google.com,google.com,wayback_cdx,archived_page,Snapshot (1998-11-11 18:45:51): http://google.com:80/ [200],1.0
d4c0440a-5a62-44e5-8621-6f2545eddd11,domain,google.com,google.com,wayback_cdx,archived_page,Snapshot (1998-11-11 18:45:51): http://google.com:80/ [200],1.0
d4c0440a-5a62-44e5-8621-6f2545eddd11,domain,google.com,google.com,wayback_cdx,archived_page,Snapshot (1998-11-11 18:45:51): http://google.com:80/ [200],1.0
d4c0440a-5a62-44e5-8621-6f2545eddd11,domain,google.com,google.com,wayback_cdx,archived_page,Snapshot (1998-11-11 18:45:51): http://google.com:80/ [200],1.0
d4c0440a-5a62-44e5-8621-6f2545eddd11,domain,google.com,google.com,wayback_cdx,archived_page,Snapshot (1998-12-02 23:04:10): http://www.google.com:80/ [200],1.0
d4c0440a-5a62-44e5-8621-6f2545eddd11,domain,google.com,google.com,wayback_cdx,archived_page,Snapshot (1998-12-02 23:04:10): http://www.google.com:80/ [200],1.0
d4c0440a-5a62-44e5-8621-6f2545eddd11,domain,google.com,google.com,wayback_cdx,archived_page,Snapshot (1999-01-17 03:27:27): http://www.google.com:80/ [200],1.0
d4c0440a-5a62-44e5-8621-6f2545eddd11,domain,google.com,google.com,wayback_cdx,archived_page,Snapshot (1999-01-17 03:27:27): http://www.google.com:80/ [200],1.0
d4c0440a-5a62-44e5-8621-6f2545eddd11,domain,google.com,google.com,wayback_cdx,archived_page,Snapshot (1999-01-17 03:27:27): http://www.google.com:80/ [200],1.0
d4c0440a-5a62-44e5-8621-6f2545eddd11,domain,google.com,google.com,wayback_cdx,archived_page,Snapshot (1999-01-17 03:27:27): http://www.google.com:80/ [200],1.0
a2fab3f2-b56a-489c-a37b-8cc5a7e7d33f,photo,suspect_dev,suspect_dev,face_matcher,face_similarity,Match: Suspect Alpha (Developer Profile) (Similarity: 50.0%),0.5
a2fab3f2-b56a-489c-a37b-8cc5a7e7d33f,photo,suspect_dev,suspect_dev,face_matcher,face_similarity,Match: Suspect Beta (Executive Profile) (Similarity: 50.0%),0.5
1bb254c0-b98c-44c1-ada0-17b6e3c7114b,photo,suspect_alpha.png,suspect_alpha.png,face_matcher,face_similarity,Match: Suspect Alpha (Developer Profile) (Similarity: 92.5%),0.925
1bb254c0-b98c-44c1-ada0-17b6e3c7114b,photo,suspect_alpha.png,suspect_alpha.png,face_matcher,face_similarity,Match: Suspect Beta (Executive Profile) (Similarity: 38.1%),0.381
